index.rst -> index.md
CONVERTED (extensions: ['deflist'])
about/glossary.rst -> about/glossary.md
CONVERTED (extensions: ['deflist'])
about/index.rst -> about/index.md
CONVERTED (extensions: [])
advanced-python/background.rst -> advanced-python/background.md
CONVERTED (extensions: [])
advanced-python/data_model.rst -> advanced-python/data_model.md
CONVERTED (extensions: [])
advanced-python/functional.rst -> advanced-python/functional.md
CONVERTED (extensions: [])
advanced-python/hello_world.rst -> advanced-python/hello_world.md
CONVERTED (extensions: [])
advanced-python/index.rst -> advanced-python/index.md
CONVERTED (extensions: [])
advanced-python/intro.rst -> advanced-python/intro.md
CONVERTED (extensions: [])
advanced-python/metaclasses.rst -> advanced-python/metaclasses.md
CONVERTED (extensions: [])
advanced-python/middlewares.rst -> advanced-python/middlewares.md
CONVERTED (extensions: [])
advanced-python/raw_wsgi.rst -> advanced-python/raw_wsgi.md
CONVERTED (extensions: [])
advanced-python/routing.rst -> advanced-python/routing.md
CONVERTED (extensions: [])
advanced-python/summary.rst -> advanced-python/summary.md
CONVERTED (extensions: [])
angular/advanced.rst -> angular/advanced.md
CONVERTED (extensions: [])
angular/aggregating.rst -> angular/aggregating.md
CONVERTED (extensions: [])
angular/authentication.rst -> angular/authentication.md
CONVERTED (extensions: [])
angular/configuration.rst -> angular/configuration.md
CONVERTED (extensions: [])
angular/deploying.rst -> angular/deploying.md
CONVERTED (extensions: [])
angular/footer.rst -> angular/footer.md
CONVERTED (extensions: [])
angular/index.rst -> angular/index.md
CONVERTED (extensions: [])
angular/installing.rst -> angular/installing.md
CONVERTED (extensions: [])
angular/overriding.rst -> angular/overriding.md
CONVERTED (extensions: [])
angular/sdk.rst -> angular/sdk.md
CONVERTED (extensions: [])
angular/summary.rst -> angular/summary.md
CONVERTED (extensions: [])
angular/theming.rst -> angular/theming.md
CONVERTED (extensions: [])
angular/using.rst -> angular/using.md
CONVERTED (extensions: [])
angular/views.rst -> angular/views.md
CONVERTED (extensions: [])
angular/whatisangular.rst -> angular/whatisangular.md
CONVERTED (extensions: [])
deployment/ansible.rst -> deployment/ansible.md
CONVERTED (extensions: [])
deployment/customization.rst -> deployment/customization.md
CONVERTED (extensions: [])
deployment/in-operation.rst -> deployment/in-operation.md
CONVERTED (extensions: [])
deployment/index.rst -> deployment/index.md
CONVERTED (extensions: [])
deployment/intro.rst -> deployment/intro.md
CONVERTED (extensions: [])
deployment/letsencrypt-certbot.rst -> deployment/letsencrypt-certbot.md
CONVERTED (extensions: [])
deployment/maintenance.rst -> deployment/maintenance.md
CONVERTED (extensions: [])
deployment/opsworks/index.rst -> deployment/opsworks/index.md
CONVERTED (extensions: [])
deployment/opsworks/installation.rst -> deployment/opsworks/installation.md
CONVERTED (extensions: [])
deployment/opsworks/intro.rst -> deployment/opsworks/intro.md
CONVERTED (extensions: [])
deployment/opsworks/loose-ends.rst -> deployment/opsworks/loose-ends.md
CONVERTED (extensions: [])
deployment/opsworks/maintenance.rst -> deployment/opsworks/maintenance.md
CONVERTED (extensions: [])
deployment/opsworks/running.rst -> deployment/opsworks/running.md
CONVERTED (extensions: [])
deployment/opsworks/terms.rst -> deployment/opsworks/terms.md
CONVERTED (extensions: [])
deployment/playbook-use.rst -> deployment/playbook-use.md
CONVERTED (extensions: [])
deployment/plone-playbook.rst -> deployment/plone-playbook.md
CONVERTED (extensions: [])
deployment/plone-stack.rst -> deployment/plone-stack.md
CONVERTED (extensions: [])
gatsby/buildingsourceplugins.rst -> gatsby/buildingsourceplugins.md
CONVERTED (extensions: [])
gatsby/copyingplonesite.rst -> gatsby/copyingplonesite.md
CONVERTED (extensions: [])
gatsby/data.rst -> gatsby/data.md
CONVERTED (extensions: [])
gatsby/dynamicpages.rst -> gatsby/dynamicpages.md
CONVERTED (extensions: [])
gatsby/gatsbysourceplone.rst -> gatsby/gatsbysourceplone.md
CONVERTED (extensions: [])
gatsby/gatsbystarterplone.rst -> gatsby/gatsbystarterplone.md
CONVERTED (extensions: [])
gatsby/howitworks.rst -> gatsby/howitworks.md
CONVERTED (extensions: [])
gatsby/index.rst -> gatsby/index.md
CONVERTED (extensions: [])
gatsby/installing.rst -> gatsby/installing.md
CONVERTED (extensions: [])
gatsby/navigation.rst -> gatsby/navigation.md
CONVERTED (extensions: [])
gatsby/pages.rst -> gatsby/pages.md
CONVERTED (extensions: [])
gatsby/plonerestapi.rst -> gatsby/plonerestapi.md
CONVERTED (extensions: [])
gatsby/richtext.rst -> gatsby/richtext.md
CONVERTED (extensions: [])
gatsby/searchtraversal.rst -> gatsby/searchtraversal.md
CONVERTED (extensions: [])
gatsby/sourceplugins.rst -> gatsby/sourceplugins.md
CONVERTED (extensions: [])
gatsby/summary.rst -> gatsby/summary.md
CONVERTED (extensions: [])
gatsby/transformerplugins.rst -> gatsby/transformerplugins.md
CONVERTED (extensions: [])
gatsby/whatisgatsby.rst -> gatsby/whatisgatsby.md
CONVERTED (extensions: [])
javascript/development-process.rst -> javascript/development-process.md
CONVERTED (extensions: [])
javascript/exercises/1.rst -> javascript/exercises/1.md
CONVERTED (extensions: [])
javascript/exercises/10.rst -> javascript/exercises/10.md
CONVERTED (extensions: [])
javascript/exercises/11.rst -> javascript/exercises/11.md
CONVERTED (extensions: [])
javascript/exercises/12.rst -> javascript/exercises/12.md
CONVERTED (extensions: [])
javascript/exercises/13.rst -> javascript/exercises/13.md
CONVERTED (extensions: [])
javascript/exercises/2.rst -> javascript/exercises/2.md
CONVERTED (extensions: [])
javascript/exercises/3.rst -> javascript/exercises/3.md
CONVERTED (extensions: [])
javascript/exercises/4.rst -> javascript/exercises/4.md
CONVERTED (extensions: [])
javascript/exercises/5.rst -> javascript/exercises/5.md
CONVERTED (extensions: [])
javascript/exercises/6.rst -> javascript/exercises/6.md
CONVERTED (extensions: [])
javascript/exercises/7.rst -> javascript/exercises/7.md
CONVERTED (extensions: [])
javascript/exercises/8.rst -> javascript/exercises/8.md
CONVERTED (extensions: [])
javascript/exercises/9.rst -> javascript/exercises/9.md
CONVERTED (extensions: [])
javascript/exercises/index.rst -> javascript/exercises/index.md
CONVERTED (extensions: [])
javascript/index.rst -> javascript/index.md
CONVERTED (extensions: [])
javascript/javascript-3-ttw.rst -> javascript/javascript-3-ttw.md
CONVERTED (extensions: [])
javascript/javascript-scratchpad.rst -> javascript/javascript-scratchpad.md
CONVERTED (extensions: ['deflist'])
javascript/mockup-writing-documentation.rst -> javascript/mockup-writing-documentation.md
CONVERTED (extensions: [])
javascript/mockup.rst -> javascript/mockup.md
CONVERTED (extensions: [])
javascript/requirejs-modules.rst -> javascript/requirejs-modules.md
CONVERTED (extensions: [])
javascript/training-installation.rst -> javascript/training-installation.md
CONVERTED (extensions: [])
mastering-plone/about_mastering.rst -> mastering-plone/about_mastering.md
CONVERTED (extensions: ['deflist'])
mastering-plone/add-ons.rst -> mastering-plone/add-ons.md
CONVERTED (extensions: ['deflist'])
mastering-plone/anatomy.rst -> mastering-plone/anatomy.md
CONVERTED (extensions: [])
mastering-plone/api.rst -> mastering-plone/api.md
CONVERTED (extensions: ['deflist'])
mastering-plone/behaviors_1.rst -> mastering-plone/behaviors_1.md
CONVERTED (extensions: [])
mastering-plone/behaviors_2.rst -> mastering-plone/behaviors_2.md
CONVERTED (extensions: [])
mastering-plone/buildout_1.rst -> mastering-plone/buildout_1.md
CONVERTED (extensions: ['deflist'])
mastering-plone/case.rst -> mastering-plone/case.md
CONVERTED (extensions: [])
mastering-plone/code.rst -> mastering-plone/code.md
CONVERTED (extensions: [])
mastering-plone/configuring_customizing.rst -> mastering-plone/configuring_customizing.md
CONVERTED (extensions: [])
mastering-plone/custom_search.rst -> mastering-plone/custom_search.md
CONVERTED (extensions: [])
mastering-plone/deployment_code.rst -> mastering-plone/deployment_code.md
CONVERTED (extensions: [])
mastering-plone/deployment_sites.rst -> mastering-plone/deployment_sites.md
CONVERTED (extensions: [])
mastering-plone/dexterity.rst -> mastering-plone/dexterity.md
CONVERTED (extensions: ['deflist'])
mastering-plone/dexterity_2_talk.rst -> mastering-plone/dexterity_2_talk.md
CONVERTED (extensions: [])
mastering-plone/dexterity_3.rst -> mastering-plone/dexterity_3.md
CONVERTED (extensions: [])
mastering-plone/dexterity_reference.rst -> mastering-plone/dexterity_reference.md
CONVERTED (extensions: ['deflist'])
mastering-plone/eggs1.rst -> mastering-plone/eggs1.md
CONVERTED (extensions: ['deflist'])
mastering-plone/eggs2.rst -> mastering-plone/eggs2.md
CONVERTED (extensions: [])
mastering-plone/embed.rst -> mastering-plone/embed.md
CONVERTED (extensions: [])
mastering-plone/endpoints.rst -> mastering-plone/endpoints.md
CONVERTED (extensions: [])
mastering-plone/events.rst -> mastering-plone/events.md
CONVERTED (extensions: [])
mastering-plone/events_classic.rst -> mastering-plone/events_classic.md
CONVERTED (extensions: [])
mastering-plone/extending.rst -> mastering-plone/extending.md
CONVERTED (extensions: [])
mastering-plone/features.rst -> mastering-plone/features.md
CONVERTED (extensions: ['deflist'])
mastering-plone/frontpage.rst -> mastering-plone/frontpage.md
CONVERTED (extensions: [])
mastering-plone/future_of_plone.rst -> mastering-plone/future_of_plone.md
CONVERTED (extensions: [])
mastering-plone/ide.rst -> mastering-plone/ide.md
CONVERTED (extensions: [])
mastering-plone/index.rst -> mastering-plone/index.md
CONVERTED (extensions: [])
mastering-plone/installation.rst -> mastering-plone/installation.md
CONVERTED (extensions: [])
mastering-plone/intro.rst -> mastering-plone/intro.md
CONVERTED (extensions: [])
mastering-plone/mastering_plone_6.rst -> mastering-plone/mastering_plone_6.md
CONVERTED (extensions: [])
mastering-plone/optional.rst -> mastering-plone/optional.md
CONVERTED (extensions: [])
mastering-plone/plone_versions.rst -> mastering-plone/plone_versions.md
CONVERTED (extensions: [])
mastering-plone/registry.rst -> mastering-plone/registry.md
CONVERTED (extensions: [])
mastering-plone/relations.rst -> mastering-plone/relations.md
CONVERTED (extensions: [])
mastering-plone/restapi.rst -> mastering-plone/restapi.md
CONVERTED (extensions: [])
mastering-plone/reusable.rst -> mastering-plone/reusable.md
CONVERTED (extensions: [])
mastering-plone/theming.rst -> mastering-plone/theming.md
CONVERTED (extensions: [])
mastering-plone/thirdparty_behaviors.rst -> mastering-plone/thirdparty_behaviors.md
CONVERTED (extensions: [])
mastering-plone/timing.rst -> mastering-plone/timing.md
CONVERTED (extensions: [])
mastering-plone/upgrade_steps.rst -> mastering-plone/upgrade_steps.md
CONVERTED (extensions: [])
mastering-plone/user_generated_content.rst -> mastering-plone/user_generated_content.md
CONVERTED (extensions: [])
mastering-plone/video.rst -> mastering-plone/video.md
CONVERTED (extensions: [])
mastering-plone/viewlets_1.rst -> mastering-plone/viewlets_1.md
CONVERTED (extensions: [])
mastering-plone/viewlets_2.rst -> mastering-plone/viewlets_2.md
CONVERTED (extensions: [])
mastering-plone/viewlets_advanced_classic.rst -> mastering-plone/viewlets_advanced_classic.md
CONVERTED (extensions: [])
mastering-plone/views_1.rst -> mastering-plone/views_1.md
CONVERTED (extensions: [])
mastering-plone/views_2.rst -> mastering-plone/views_2.md
CONVERTED (extensions: [])
mastering-plone/views_3.rst -> mastering-plone/views_3.md
CONVERTED (extensions: ['deflist'])
mastering-plone/volto_actions.rst -> mastering-plone/volto_actions.md
CONVERTED (extensions: [])
mastering-plone/volto_addon.rst -> mastering-plone/volto_addon.md
CONVERTED (extensions: [])
mastering-plone/volto_basics.rst -> mastering-plone/volto_basics.md
CONVERTED (extensions: [])
mastering-plone/volto_components_sponsors.rst -> mastering-plone/volto_components_sponsors.md
CONVERTED (extensions: [])
mastering-plone/volto_custom_addon.rst -> mastering-plone/volto_custom_addon.md
CONVERTED (extensions: ['deflist'])
mastering-plone/volto_custom_addon2.rst -> mastering-plone/volto_custom_addon2.md
CONVERTED (extensions: [])
mastering-plone/volto_custom_block.rst -> mastering-plone/volto_custom_block.md
CONVERTED (extensions: [])
mastering-plone/volto_frontpage.rst -> mastering-plone/volto_frontpage.md
CONVERTED (extensions: [])
mastering-plone/volto_overrides.rst -> mastering-plone/volto_overrides.md
CONVERTED (extensions: [])
mastering-plone/volto_richtexteditor.rst -> mastering-plone/volto_richtexteditor.md
CONVERTED (extensions: [])
mastering-plone/volto_semantic_ui.rst -> mastering-plone/volto_semantic_ui.md
CONVERTED (extensions: [])
mastering-plone/volto_talk_listview.rst -> mastering-plone/volto_talk_listview.md
CONVERTED (extensions: [])
mastering-plone/volto_talkview.rst -> mastering-plone/volto_talkview.md
CONVERTED (extensions: [])
mastering-plone/volto_testing.rst -> mastering-plone/volto_testing.md
CONVERTED (extensions: [])
mastering-plone/volto_theming.rst -> mastering-plone/volto_theming.md
CONVERTED (extensions: [])
mastering-plone/what_is_plone.rst -> mastering-plone/what_is_plone.md
CONVERTED (extensions: [])
mastering-plone/zpt.rst -> mastering-plone/zpt.md
CONVERTED (extensions: ['deflist'])
mastering-plone/zpt_2.rst -> mastering-plone/zpt_2.md
CONVERTED (extensions: [])
mastering-plone-5/about_mastering.rst -> mastering-plone-5/about_mastering.md
CONVERTED (extensions: ['deflist'])
mastering-plone-5/add-ons.rst -> mastering-plone-5/add-ons.md
CONVERTED (extensions: ['deflist'])
mastering-plone-5/anatomy.rst -> mastering-plone-5/anatomy.md
CONVERTED (extensions: [])
mastering-plone-5/api.rst -> mastering-plone-5/api.md
CONVERTED (extensions: ['deflist'])
mastering-plone-5/behaviors_1.rst -> mastering-plone-5/behaviors_1.md
CONVERTED (extensions: [])
mastering-plone-5/behaviors_2.rst -> mastering-plone-5/behaviors_2.md
CONVERTED (extensions: [])
mastering-plone-5/buildout_1.rst -> mastering-plone-5/buildout_1.md
CONVERTED (extensions: ['deflist'])
mastering-plone-5/case.rst -> mastering-plone-5/case.md
CONVERTED (extensions: [])
mastering-plone-5/code.rst -> mastering-plone-5/code.md
CONVERTED (extensions: [])
mastering-plone-5/configuring_customizing.rst -> mastering-plone-5/configuring_customizing.md
CONVERTED (extensions: [])
mastering-plone-5/custom_search.rst -> mastering-plone-5/custom_search.md
CONVERTED (extensions: [])
mastering-plone-5/deployment_code.rst -> mastering-plone-5/deployment_code.md
CONVERTED (extensions: [])
mastering-plone-5/deployment_sites.rst -> mastering-plone-5/deployment_sites.md
CONVERTED (extensions: [])
mastering-plone-5/dexterity.rst -> mastering-plone-5/dexterity.md
CONVERTED (extensions: ['deflist'])
mastering-plone-5/dexterity_2.rst -> mastering-plone-5/dexterity_2.md
CONVERTED (extensions: [])
mastering-plone-5/dexterity_3.rst -> mastering-plone-5/dexterity_3.md
CONVERTED (extensions: [])
mastering-plone-5/dexterity_reference.rst -> mastering-plone-5/dexterity_reference.md
CONVERTED (extensions: ['deflist'])
mastering-plone-5/eggs1.rst -> mastering-plone-5/eggs1.md
CONVERTED (extensions: ['deflist'])
mastering-plone-5/eggs2.rst -> mastering-plone-5/eggs2.md
CONVERTED (extensions: [])
mastering-plone-5/embed.rst -> mastering-plone-5/embed.md
CONVERTED (extensions: [])
mastering-plone-5/events.rst -> mastering-plone-5/events.md
CONVERTED (extensions: [])
mastering-plone-5/export_code.rst -> mastering-plone-5/export_code.md
CONVERTED (extensions: [])
mastering-plone-5/extending.rst -> mastering-plone-5/extending.md
CONVERTED (extensions: [])
mastering-plone-5/features.rst -> mastering-plone-5/features.md
CONVERTED (extensions: ['deflist'])
mastering-plone-5/frontpage.rst -> mastering-plone-5/frontpage.md
CONVERTED (extensions: [])
mastering-plone-5/future_of_plone.rst -> mastering-plone-5/future_of_plone.md
CONVERTED (extensions: [])
mastering-plone-5/ide.rst -> mastering-plone-5/ide.md
CONVERTED (extensions: [])
mastering-plone-5/index.rst -> mastering-plone-5/index.md
CONVERTED (extensions: [])
mastering-plone-5/installation.rst -> mastering-plone-5/installation.md
CONVERTED (extensions: [])
mastering-plone-5/intro.rst -> mastering-plone-5/intro.md
CONVERTED (extensions: ['deflist'])
mastering-plone-5/optional.rst -> mastering-plone-5/optional.md
CONVERTED (extensions: [])
mastering-plone-5/plone5.rst -> mastering-plone-5/plone5.md
CONVERTED (extensions: [])
mastering-plone-5/registry.rst -> mastering-plone-5/registry.md
CONVERTED (extensions: [])
mastering-plone-5/relations.rst -> mastering-plone-5/relations.md
CONVERTED (extensions: [])
mastering-plone-5/resources.rst -> mastering-plone-5/resources.md
CONVERTED (extensions: [])
mastering-plone-5/restapi.rst -> mastering-plone-5/restapi.md
CONVERTED (extensions: [])
mastering-plone-5/reusable.rst -> mastering-plone-5/reusable.md
CONVERTED (extensions: [])
mastering-plone-5/testing.rst -> mastering-plone-5/testing.md
CONVERTED (extensions: [])
mastering-plone-5/theming.rst -> mastering-plone-5/theming.md
CONVERTED (extensions: [])
mastering-plone-5/thirdparty_behaviors.rst -> mastering-plone-5/thirdparty_behaviors.md
CONVERTED (extensions: [])
mastering-plone-5/timing.rst -> mastering-plone-5/timing.md
CONVERTED (extensions: [])
mastering-plone-5/user_generated_content.rst -> mastering-plone-5/user_generated_content.md
CONVERTED (extensions: [])
mastering-plone-5/viewlets_1.rst -> mastering-plone-5/viewlets_1.md
CONVERTED (extensions: [])
mastering-plone-5/viewlets_2.rst -> mastering-plone-5/viewlets_2.md
CONVERTED (extensions: [])
mastering-plone-5/views_1.rst -> mastering-plone-5/views_1.md
CONVERTED (extensions: [])
mastering-plone-5/views_2.rst -> mastering-plone-5/views_2.md
CONVERTED (extensions: [])
mastering-plone-5/views_3.rst -> mastering-plone-5/views_3.md
CONVERTED (extensions: ['deflist'])
mastering-plone-5/what_is_plone.rst -> mastering-plone-5/what_is_plone.md
CONVERTED (extensions: [])
mastering-plone-5/zpt.rst -> mastering-plone-5/zpt.md
CONVERTED (extensions: ['deflist'])
mastering-plone-5/zpt_2.rst -> mastering-plone-5/zpt_2.md
CONVERTED (extensions: [])
plone_training_config/instructions.rst -> plone_training_config/instructions.md
CONVERTED (extensions: [])
plone_training_config/instructions_plone5.rst -> plone_training_config/instructions_plone5.md
CONVERTED (extensions: [])
plone_training_config/what_vagrant_does.rst -> plone_training_config/what_vagrant_does.md
CONVERTED (extensions: [])
react/actions.rst -> react/actions.md
CONVERTED (extensions: [])
react/bootstrap.rst -> react/bootstrap.md
CONVERTED (extensions: [])
react/callbacks.rst -> react/callbacks.md
CONVERTED (extensions: [])
react/component.rst -> react/component.md
CONVERTED (extensions: [])
react/event_handlers.rst -> react/event_handlers.md
CONVERTED (extensions: [])
react/external_data.rst -> react/external_data.md
CONVERTED (extensions: [])
react/forms.rst -> react/forms.md
CONVERTED (extensions: [])
react/index.rst -> react/index.md
CONVERTED (extensions: [])
react/initial_form_data.rst -> react/initial_form_data.md
CONVERTED (extensions: [])
react/intro.rst -> react/intro.md
CONVERTED (extensions: [])
react/lifecycle_methods.rst -> react/lifecycle_methods.md
CONVERTED (extensions: [])
react/links.rst -> react/links.md
CONVERTED (extensions: [])
react/redirects.rst -> react/redirects.md
CONVERTED (extensions: [])
react/reducer_tests.rst -> react/reducer_tests.md
CONVERTED (extensions: [])
react/redux.rst -> react/redux.md
CONVERTED (extensions: [])
react/reusable_component.rst -> react/reusable_component.md
CONVERTED (extensions: [])
react/routes.rst -> react/routes.md
CONVERTED (extensions: [])
react/snapshot_testing.rst -> react/snapshot_testing.md
CONVERTED (extensions: [])
react/state.rst -> react/state.md
CONVERTED (extensions: [])
react/styling.rst -> react/styling.md
CONVERTED (extensions: [])
solr/a-fancy-custom-search-page.rst -> solr/a-fancy-custom-search-page.md
CONVERTED (extensions: [])
solr/first-steps.rst -> solr/first-steps.md
CONVERTED (extensions: [])
solr/how-does-collective-solr-work.rst -> solr/how-does-collective-solr-work.md
CONVERTED (extensions: [])
solr/index.rst -> solr/index.md
CONVERTED (extensions: [])
solr/production-setup.rst -> solr/production-setup.md
CONVERTED (extensions: ['deflist'])
solr/setup.rst -> solr/setup.md
CONVERTED (extensions: [])
solr/solr-alternatives.rst -> solr/solr-alternatives.md
CONVERTED (extensions: [])
solr/solr-configuration.rst -> solr/solr-configuration.md
CONVERTED (extensions: [])
solr/solr-gui.rst -> solr/solr-gui.md
CONVERTED (extensions: [])
solr/solr-testing.rst -> solr/solr-testing.md
CONVERTED (extensions: [])
teachers-training/after.rst -> teachers-training/after.md
CONVERTED (extensions: [])
teachers-training/before.rst -> teachers-training/before.md
CONVERTED (extensions: [])
teachers-training/during.rst -> teachers-training/during.md
CONVERTED (extensions: [])
teachers-training/index.rst -> teachers-training/index.md
CONVERTED (extensions: [])
teachers-training/theory.rst -> teachers-training/theory.md
CONVERTED (extensions: [])
testing/acceptance.rst -> testing/acceptance.md
CONVERTED (extensions: [])
testing/continuous_integration.rst -> testing/continuous_integration.md
CONVERTED (extensions: [])
testing/index.rst -> testing/index.md
CONVERTED (extensions: [])
testing/intro_to_tests.rst -> testing/intro_to_tests.md
CONVERTED (extensions: [])
testing/start.rst -> testing/start.md
CONVERTED (extensions: [])
testing/summary.rst -> testing/summary.md
CONVERTED (extensions: [])
testing/testing_dexterity.rst -> testing/testing_dexterity.md
CONVERTED (extensions: [])
testing/testing_robot.rst -> testing/testing_robot.md
CONVERTED (extensions: [])
testing/testing_setup.rst -> testing/testing_setup.md
CONVERTED (extensions: [])
testing/testing_view.rst -> testing/testing_view.md
CONVERTED (extensions: [])
testing/theory.rst -> testing/theory.md
CONVERTED (extensions: [])
testing/unittest.rst -> testing/unittest.md
CONVERTED (extensions: [])
theming/adv-diazo.rst -> theming/adv-diazo.md
CONVERTED (extensions: [])
theming/basic.rst -> theming/basic.md
CONVERTED (extensions: [])
theming/collective-jbot.rst -> theming/collective-jbot.md
CONVERTED (extensions: [])
theming/custom-components.rst -> theming/custom-components.md
CONVERTED (extensions: [])
theming/index.rst -> theming/index.md
CONVERTED (extensions: [])
theming/theme-package-2.rst -> theming/theme-package-2.md
CONVERTED (extensions: [])
theming/theme-package-3.rst -> theming/theme-package-3.md
CONVERTED (extensions: [])
theming/theme-package-4.rst -> theming/theme-package-4.md
CONVERTED (extensions: [])
theming/theme-package-5.rst -> theming/theme-package-5.md
CONVERTED (extensions: [])
theming/theme-package-6.rst -> theming/theme-package-6.md
CONVERTED (extensions: [])
theming/theme-package-7.rst -> theming/theme-package-7.md
CONVERTED (extensions: ['deflist'])
theming/theme-package.rst -> theming/theme-package.md
CONVERTED (extensions: [])
theming/ttw-advanced-2.rst -> theming/ttw-advanced-2.md
CONVERTED (extensions: ['deflist'])
theming/ttw-advanced-3.rst -> theming/ttw-advanced-3.md
CONVERTED (extensions: [])
theming/ttw-advanced.rst -> theming/ttw-advanced.md
CONVERTED (extensions: [])
transmogrifier/advanced-blueprint.rst -> transmogrifier/advanced-blueprint.md
CONVERTED (extensions: [])
transmogrifier/advanced-import.rst -> transmogrifier/advanced-import.md
CONVERTED (extensions: [])
transmogrifier/basics.rst -> transmogrifier/basics.md
CONVERTED (extensions: [])
transmogrifier/before-import.rst -> transmogrifier/before-import.md
CONVERTED (extensions: [])
transmogrifier/blueprints.rst -> transmogrifier/blueprints.md
CONVERTED (extensions: ['deflist'])
transmogrifier/export.rst -> transmogrifier/export.md
CONVERTED (extensions: [])
transmogrifier/import.rst -> transmogrifier/import.md
CONVERTED (extensions: [])
transmogrifier/index.rst -> transmogrifier/index.md
CONVERTED (extensions: [])
transmogrifier/pipeline.rst -> transmogrifier/pipeline.md
CONVERTED (extensions: ['deflist'])
transmogrifier/users-migration.rst -> transmogrifier/users-migration.md
CONVERTED (extensions: [])
ttw/basic.rst -> ttw/basic.md
CONVERTED (extensions: [])
ttw/configuring-customizing.rst -> ttw/configuring-customizing.md
CONVERTED (extensions: [])
ttw/dexterity.rst -> ttw/dexterity.md
CONVERTED (extensions: ['deflist'])
ttw/index.rst -> ttw/index.md
CONVERTED (extensions: [])
ttw/mosaic.rst -> ttw/mosaic.md
CONVERTED (extensions: ['deflist'])
ttw/rapido.rst -> ttw/rapido.md
CONVERTED (extensions: ['deflist'])
ttw/ttw-advanced-2.rst -> ttw/ttw-advanced-2.md
CONVERTED (extensions: ['deflist'])
ttw/ttw-advanced.rst -> ttw/ttw-advanced.md
CONVERTED (extensions: [])
ttw/workflow.rst -> ttw/workflow.md
CONVERTED (extensions: [])
volto/actions-reducers.rst -> volto/actions-reducers.md
CONVERTED (extensions: [])
volto/bootstrap.rst -> volto/bootstrap.md
CONVERTED (extensions: [])
volto/codewalkthrough.rst -> volto/codewalkthrough.md
CONVERTED (extensions: [])
volto/custom-views.rst -> volto/custom-views.md
CONVERTED (extensions: [])
volto/custom-widget.rst -> volto/custom-widget.md
CONVERTED (extensions: [])
volto/i18n.rst -> volto/i18n.md
CONVERTED (extensions: [])
volto/index.rst -> volto/index.md
CONVERTED (extensions: [])
volto/intro.rst -> volto/intro.md
CONVERTED (extensions: [])
volto/override-components.rst -> volto/override-components.md
CONVERTED (extensions: [])
volto/override-views.rst -> volto/override-views.md
CONVERTED (extensions: [])
volto/richtext.rst -> volto/richtext.md
CONVERTED (extensions: [])
volto/static-resources.rst -> volto/static-resources.md
CONVERTED (extensions: [])
volto/styling.rst -> volto/styling.md
CONVERTED (extensions: [])
voltoaddons/01-addon-basics.rst -> voltoaddons/01-addon-basics.md
CONVERTED (extensions: [])
voltoaddons/02-block-edit.rst -> voltoaddons/02-block-edit.md
CONVERTED (extensions: [])
voltoaddons/03-block-view.rst -> voltoaddons/03-block-view.md
CONVERTED (extensions: [])
voltoaddons/04-block-edit-options.rst -> voltoaddons/04-block-edit-options.md
CONVERTED (extensions: [])
voltoaddons/05-objectwidget-block-edit.rst -> voltoaddons/05-objectwidget-block-edit.md
CONVERTED (extensions: [])
voltoaddons/06-cell-renderer.rst -> voltoaddons/06-cell-renderer.md
CONVERTED (extensions: [])
voltoaddons/07-misc-addons.rst -> voltoaddons/07-misc-addons.md
CONVERTED (extensions: ['deflist'])
voltoaddons/about/devenvironment.rst -> voltoaddons/about/devenvironment.md
CONVERTED (extensions: [])
voltoaddons/about/index.rst -> voltoaddons/about/index.md
CONVERTED (extensions: [])
voltoaddons/about/jsbasics.rst -> voltoaddons/about/jsbasics.md
CONVERTED (extensions: [])
voltoaddons/blocksrestapi.rst -> voltoaddons/blocksrestapi.md
CONVERTED (extensions: [])
voltoaddons/index.rst -> voltoaddons/index.md
CONVERTED (extensions: [])
voltoaddons/intro.rst -> voltoaddons/intro.md
CONVERTED (extensions: [])
voltohandson/blocksedit.rst -> voltohandson/blocksedit.md
CONVERTED (extensions: [])
voltohandson/blocksmainslider.rst -> voltohandson/blocksmainslider.md
CONVERTED (extensions: [])
voltohandson/breadcrumbs.rst -> voltohandson/breadcrumbs.md
CONVERTED (extensions: [])
voltohandson/contenttypesviews.rst -> voltohandson/contenttypesviews.md
CONVERTED (extensions: [])
voltohandson/footer.rst -> voltohandson/footer.md
CONVERTED (extensions: [])
voltohandson/header.rst -> voltohandson/header.md
CONVERTED (extensions: [])
voltohandson/highlightsblock.rst -> voltohandson/highlightsblock.md
CONVERTED (extensions: [])
voltohandson/index.rst -> voltohandson/index.md
CONVERTED (extensions: [])
voltohandson/intro.rst -> voltohandson/intro.md
CONVERTED (extensions: [])
voltohandson/introtoblocks.rst -> voltohandson/introtoblocks.md
CONVERTED (extensions: [])
voltohandson/quickstart.rst -> voltohandson/quickstart.md
CONVERTED (extensions: [])
voltohandson/requirements.rst -> voltohandson/requirements.md
CONVERTED (extensions: [])
voltohandson/starttheming.rst -> voltohandson/starttheming.md
CONVERTED (extensions: [])
workflow/dynamic-roles.rst -> workflow/dynamic-roles.md
CONVERTED (extensions: [])
workflow/generic-setup-export-import.rst -> workflow/generic-setup-export-import.md
CONVERTED (extensions: [])
workflow/index.rst -> workflow/index.md
CONVERTED (extensions: [])
workflow/introduction.rst -> workflow/introduction.md
CONVERTED (extensions: ['deflist'])
workflow/local-roles.rst -> workflow/local-roles.md
CONVERTED (extensions: [])
workflow/placeful-workflow.rst -> workflow/placeful-workflow.md
CONVERTED (extensions: [])
workflow/roles-and-permissions.rst -> workflow/roles-and-permissions.md
CONVERTED (extensions: ['deflist'])
workflow/workflow-chains.rst -> workflow/workflow-chains.md
CONVERTED (extensions: [])
workflow/workflow-variables.rst -> workflow/workflow-variables.md
CONVERTED (extensions: [])
wsgi/addons.rst -> wsgi/addons.md
CONVERTED (extensions: [])
wsgi/bjoern.rst -> wsgi/bjoern.md
CONVERTED (extensions: [])
wsgi/buildout.rst -> wsgi/buildout.md
CONVERTED (extensions: [])
wsgi/debugging.rst -> wsgi/debugging.md
CONVERTED (extensions: [])
wsgi/gunicorn.rst -> wsgi/gunicorn.md
CONVERTED (extensions: [])
wsgi/index.rst -> wsgi/index.md
CONVERTED (extensions: [])
wsgi/miscellaneous.rst -> wsgi/miscellaneous.md
CONVERTED (extensions: [])
wsgi/pep-3333.rst -> wsgi/pep-3333.md
CONVERTED (extensions: [])
wsgi/prz-differences-to-zserver-setup.rst -> wsgi/prz-differences-to-zserver-setup.md
CONVERTED (extensions: [])
wsgi/prz-introduction.rst -> wsgi/prz-introduction.md
CONVERTED (extensions: [])
wsgi/prz-recipe-options.rst -> wsgi/prz-recipe-options.md
CONVERTED (extensions: [])
wsgi/prz-wsgi-ini-contents.rst -> wsgi/prz-wsgi-ini-contents.md
CONVERTED (extensions: [])
wsgi/prz-zope-conf-contents.rst -> wsgi/prz-zope-conf-contents.md
CONVERTED (extensions: [])
wsgi/setup.rst -> wsgi/setup.md
CONVERTED (extensions: [])
wsgi/uwsgi.rst -> wsgi/uwsgi.md
CONVERTED (extensions: [])

FINISHED ALL! (extensions: ['deflist'])
